{"cameraMode":{"drawMode":0,"name":"Shaded","section":"Shading Mode"},"sceneLighting":true,"audioPlay":false,"sceneViewState":{"showFog":true,"showMaterialUpdate":false,"showSkybox":true,"showFlares":true,"showImageEffects":true,"showParticleSystems":true},"in2DMode":false,"pivot":{"x":9.597491264343262,"y":13.054786682128907,"z":-7.0203962326049809},"rotation":{"x":-0.004489570390433073,"y":0.016523223370313646,"z":0.00007427259697578847,"w":0.9998854994773865},"size":21.55623435974121,"orthographic":false}