{"cameraMode":{"drawMode":0,"name":"Shaded","section":"Shading Mode"},"sceneLighting":true,"audioPlay":false,"sceneViewState":{"showFog":true,"showMaterialUpdate":false,"showSkybox":true,"showFlares":true,"showImageEffects":true,"showParticleSystems":true},"in2DMode":false,"pivot":{"x":-42.95589065551758,"y":66.47102355957031,"z":-84.53501892089844},"rotation":{"x":0.14268866181373597,"y":-0.6118887066841126,"z":0.11343840509653092,"w":0.7696636319160461},"size":34.268310546875,"orthographic":false}