{"cameraMode":{"drawMode":0,"name":"Shaded","section":"Shading Mode"},"sceneLighting":true,"audioPlay":false,"sceneViewState":{"showFog":true,"showMaterialUpdate":false,"showSkybox":true,"showFlares":true,"showImageEffects":true,"showParticleSystems":true},"in2DMode":false,"pivot":{"x":-2.8921401500701906,"y":0.0,"z":29.8382511138916},"rotation":{"x":0.1843450367450714,"y":-0.009708128869533539,"z":0.001815703697502613,"w":0.9828389883041382},"size":45.97236251831055,"orthographic":false}