{"cameraMode":{"drawMode":0,"name":"Shaded","section":"Shading Mode"},"sceneLighting":true,"audioPlay":false,"sceneViewState":{"showFog":true,"showMaterialUpdate":false,"showSkybox":true,"showFlares":true,"showImageEffects":true,"showParticleSystems":true},"in2DMode":false,"pivot":{"x":53.805091857910159,"y":-5.430607795715332,"z":21.792396545410158},"rotation":{"x":0.11691093444824219,"y":0.4843255877494812,"z":-0.06549949198961258,"w":0.8645946979522705},"size":46.781829833984378,"orthographic":false}